"","species","tissue","assay","dilutions","cutoff","roc_auc","y"
"1","Moose","Brain","Nano-QuIC",-5,24,0.833,0.25
"2","Moose","Brain","Nano-QuIC",-5,28,0.833,0.25
"3","Moose","Brain","Nano-QuIC",-5,32,0.852,0.25
"4","Moose","Brain","Nano-QuIC",-5,36,0.87,0.25
"5","Moose","Brain","Nano-QuIC",-5,40,0.87,0.25
"6","Moose","Brain","Nano-QuIC",-5,44,0.917,0.25
"7","Moose","Brain","Nano-QuIC",-5,48,0.917,0.25
"8","Moose","Brain","Nano-QuIC",-4,24,1,0.25
"9","Moose","Brain","Nano-QuIC",-4,28,1,0.25
"10","Moose","Brain","Nano-QuIC",-4,32,1,0.25
"11","Moose","Brain","Nano-QuIC",-4,36,1,0.25
"12","Moose","Brain","Nano-QuIC",-4,40,1,0.25
"13","Moose","Brain","Nano-QuIC",-4,44,1,0.25
"14","Moose","Brain","Nano-QuIC",-4,48,1,0.25
"15","Moose","Brain","Nano-QuIC",-3,24,1,0.25
"16","Moose","Brain","Nano-QuIC",-3,28,1,0.25
"17","Moose","Brain","Nano-QuIC",-3,32,0.984,0.25
"18","Moose","Brain","Nano-QuIC",-3,36,0.973,0.25
"19","Moose","Brain","Nano-QuIC",-3,40,0.957,0.25
"20","Moose","Brain","Nano-QuIC",-3,44,0.95,0.25
"21","Moose","Brain","Nano-QuIC",-3,48,0.943,0.25
"22","Moose","Brain","Nano-QuIC",-2,24,0.877,0.25
"23","Moose","Brain","Nano-QuIC",-2,28,0.889,0.25
"24","Moose","Brain","Nano-QuIC",-2,32,0.894,0.25
"25","Moose","Brain","Nano-QuIC",-2,36,0.892,0.25
"26","Moose","Brain","Nano-QuIC",-2,40,0.891,0.25
"27","Moose","Brain","Nano-QuIC",-2,44,0.889,0.25
"28","Moose","Brain","Nano-QuIC",-2,48,0.889,0.25
"29","Moose","Brain","RT-QuIC",-5,24,0.855,0.1
"30","Moose","Brain","RT-QuIC",-5,28,0.854,0.1
"31","Moose","Brain","RT-QuIC",-5,32,0.859,0.1
"32","Moose","Brain","RT-QuIC",-5,36,0.872,0.1
"33","Moose","Brain","RT-QuIC",-5,40,0.888,0.1
"34","Moose","Brain","RT-QuIC",-5,44,0.891,0.1
"35","Moose","Brain","RT-QuIC",-5,48,0.92,0.1
"36","Moose","Brain","RT-QuIC",-4,24,0.944,0.1
"37","Moose","Brain","RT-QuIC",-4,28,0.944,0.1
"38","Moose","Brain","RT-QuIC",-4,32,0.944,0.1
"39","Moose","Brain","RT-QuIC",-4,36,1,0.1
"40","Moose","Brain","RT-QuIC",-4,40,1,0.1
"41","Moose","Brain","RT-QuIC",-4,44,0.995,0.1
"42","Moose","Brain","RT-QuIC",-4,48,0.995,0.1
"43","Moose","Brain","RT-QuIC",-3,24,0.892,0.1
"44","Moose","Brain","RT-QuIC",-3,28,0.944,0.1
"45","Moose","Brain","RT-QuIC",-3,32,0.995,0.1
"46","Moose","Brain","RT-QuIC",-3,36,0.995,0.1
"47","Moose","Brain","RT-QuIC",-3,40,0.995,0.1
"48","Moose","Brain","RT-QuIC",-3,44,0.998,0.1
"49","Moose","Brain","RT-QuIC",-3,48,0.998,0.1
"50","Moose","Brain","RT-QuIC",-2,24,0.669,0.1
"51","Moose","Brain","RT-QuIC",-2,28,0.67,0.1
"52","Moose","Brain","RT-QuIC",-2,32,0.676,0.1
"53","Moose","Brain","RT-QuIC",-2,36,0.675,0.1
"54","Moose","Brain","RT-QuIC",-2,40,0.678,0.1
"55","Moose","Brain","RT-QuIC",-2,44,0.69,0.1
"56","Moose","Brain","RT-QuIC",-2,48,0.703,0.1
"57","Moose","Lymph Node","Nano-QuIC",-5,24,0.639,0.25
"58","Moose","Lymph Node","Nano-QuIC",-5,28,0.648,0.25
"59","Moose","Lymph Node","Nano-QuIC",-5,32,0.645,0.25
"60","Moose","Lymph Node","Nano-QuIC",-5,36,0.64,0.25
"61","Moose","Lymph Node","Nano-QuIC",-5,40,0.64,0.25
"62","Moose","Lymph Node","Nano-QuIC",-5,44,0.639,0.25
"63","Moose","Lymph Node","Nano-QuIC",-5,48,0.657,0.25
"64","Moose","Lymph Node","Nano-QuIC",-4,24,0.7,0.25
"65","Moose","Lymph Node","Nano-QuIC",-4,28,0.691,0.25
"66","Moose","Lymph Node","Nano-QuIC",-4,32,0.719,0.25
"67","Moose","Lymph Node","Nano-QuIC",-4,36,0.73,0.25
"68","Moose","Lymph Node","Nano-QuIC",-4,40,0.714,0.25
"69","Moose","Lymph Node","Nano-QuIC",-4,44,0.711,0.25
"70","Moose","Lymph Node","Nano-QuIC",-4,48,0.706,0.25
"71","Moose","Lymph Node","Nano-QuIC",-3,24,0.715,0.25
"72","Moose","Lymph Node","Nano-QuIC",-3,28,0.713,0.25
"73","Moose","Lymph Node","Nano-QuIC",-3,32,0.685,0.25
"74","Moose","Lymph Node","Nano-QuIC",-3,36,0.682,0.25
"75","Moose","Lymph Node","Nano-QuIC",-3,40,0.684,0.25
"76","Moose","Lymph Node","Nano-QuIC",-3,44,0.698,0.25
"77","Moose","Lymph Node","Nano-QuIC",-3,48,0.696,0.25
"78","Moose","Lymph Node","Nano-QuIC",-2,24,0.729,0.25
"79","Moose","Lymph Node","Nano-QuIC",-2,28,0.711,0.25
"80","Moose","Lymph Node","Nano-QuIC",-2,32,0.689,0.25
"81","Moose","Lymph Node","Nano-QuIC",-2,36,0.705,0.25
"82","Moose","Lymph Node","Nano-QuIC",-2,40,0.701,0.25
"83","Moose","Lymph Node","Nano-QuIC",-2,44,0.66,0.25
"84","Moose","Lymph Node","Nano-QuIC",-2,48,0.62,0.25
"85","Moose","Lymph Node","RT-QuIC",-5,24,0.578,0.1
"86","Moose","Lymph Node","RT-QuIC",-5,28,0.578,0.1
"87","Moose","Lymph Node","RT-QuIC",-5,32,0.584,0.1
"88","Moose","Lymph Node","RT-QuIC",-5,36,0.589,0.1
"89","Moose","Lymph Node","RT-QuIC",-5,40,0.589,0.1
"90","Moose","Lymph Node","RT-QuIC",-5,44,0.591,0.1
"91","Moose","Lymph Node","RT-QuIC",-5,48,0.59,0.1
"92","Moose","Lymph Node","RT-QuIC",-4,24,0.654,0.1
"93","Moose","Lymph Node","RT-QuIC",-4,28,0.653,0.1
"94","Moose","Lymph Node","RT-QuIC",-4,32,0.652,0.1
"95","Moose","Lymph Node","RT-QuIC",-4,36,0.663,0.1
"96","Moose","Lymph Node","RT-QuIC",-4,40,0.661,0.1
"97","Moose","Lymph Node","RT-QuIC",-4,44,0.661,0.1
"98","Moose","Lymph Node","RT-QuIC",-4,48,0.656,0.1
"99","Moose","Lymph Node","RT-QuIC",-3,24,0.697,0.1
"100","Moose","Lymph Node","RT-QuIC",-3,28,0.709,0.1
"101","Moose","Lymph Node","RT-QuIC",-3,32,0.708,0.1
"102","Moose","Lymph Node","RT-QuIC",-3,36,0.716,0.1
"103","Moose","Lymph Node","RT-QuIC",-3,40,0.715,0.1
"104","Moose","Lymph Node","RT-QuIC",-3,44,0.73,0.1
"105","Moose","Lymph Node","RT-QuIC",-3,48,0.73,0.1
"106","Moose","Lymph Node","RT-QuIC",-2,24,0.731,0.1
"107","Moose","Lymph Node","RT-QuIC",-2,28,0.744,0.1
"108","Moose","Lymph Node","RT-QuIC",-2,32,0.741,0.1
"109","Moose","Lymph Node","RT-QuIC",-2,36,0.723,0.1
"110","Moose","Lymph Node","RT-QuIC",-2,40,0.707,0.1
"111","Moose","Lymph Node","RT-QuIC",-2,44,0.691,0.1
"112","Moose","Lymph Node","RT-QuIC",-2,48,0.682,0.1
"113","Moose","Skin","Nano-QuIC",-5,24,0.861,0.25
"114","Moose","Skin","Nano-QuIC",-5,28,0.837,0.25
"115","Moose","Skin","Nano-QuIC",-5,32,0.816,0.25
"116","Moose","Skin","Nano-QuIC",-5,36,0.799,0.25
"117","Moose","Skin","Nano-QuIC",-5,40,0.788,0.25
"118","Moose","Skin","Nano-QuIC",-5,44,0.774,0.25
"119","Moose","Skin","Nano-QuIC",-5,48,0.764,0.25
"120","Moose","Skin","Nano-QuIC",-4,24,0.847,0.25
"121","Moose","Skin","Nano-QuIC",-4,28,0.816,0.25
"122","Moose","Skin","Nano-QuIC",-4,32,0.799,0.25
"123","Moose","Skin","Nano-QuIC",-4,36,0.788,0.25
"124","Moose","Skin","Nano-QuIC",-4,40,0.788,0.25
"125","Moose","Skin","Nano-QuIC",-4,44,0.785,0.25
"126","Moose","Skin","Nano-QuIC",-4,48,0.778,0.25
"127","Moose","Skin","Nano-QuIC",-3,24,0.788,0.25
"128","Moose","Skin","Nano-QuIC",-3,28,0.792,0.25
"129","Moose","Skin","Nano-QuIC",-3,32,0.799,0.25
"130","Moose","Skin","Nano-QuIC",-3,36,0.812,0.25
"131","Moose","Skin","Nano-QuIC",-3,40,0.809,0.25
"132","Moose","Skin","Nano-QuIC",-3,44,0.806,0.25
"133","Moose","Skin","Nano-QuIC",-3,48,0.812,0.25
"134","Moose","Skin","Nano-QuIC",-2,24,0.819,0.25
"135","Moose","Skin","Nano-QuIC",-2,28,0.84,0.25
"136","Moose","Skin","Nano-QuIC",-2,32,0.851,0.25
"137","Moose","Skin","Nano-QuIC",-2,36,0.844,0.25
"138","Moose","Skin","Nano-QuIC",-2,40,0.826,0.25
"139","Moose","Skin","Nano-QuIC",-2,44,0.868,0.25
"140","Moose","Skin","Nano-QuIC",-2,48,0.861,0.25
"141","Moose","Skin","Nano-QuIC",-1.78,24,0.832,0.25
"142","Moose","Skin","Nano-QuIC",-1.78,28,0.832,0.25
"143","Moose","Skin","Nano-QuIC",-1.78,32,0.812,0.25
"144","Moose","Skin","Nano-QuIC",-1.78,36,0.826,0.25
"145","Moose","Skin","Nano-QuIC",-1.78,40,0.822,0.25
"146","Moose","Skin","Nano-QuIC",-1.78,44,0.819,0.25
"147","Moose","Skin","Nano-QuIC",-1.78,48,0.826,0.25
"148","Moose","Skin","Nano-QuIC",-1.6,24,0.862,0.25
"149","Moose","Skin","Nano-QuIC",-1.6,28,0.862,0.25
"150","Moose","Skin","Nano-QuIC",-1.6,32,0.868,0.25
"151","Moose","Skin","Nano-QuIC",-1.6,36,0.865,0.25
"152","Moose","Skin","Nano-QuIC",-1.6,40,0.849,0.25
"153","Moose","Skin","Nano-QuIC",-1.6,44,0.852,0.25
"154","Moose","Skin","Nano-QuIC",-1.6,48,0.849,0.25
"155","Moose","Skin","Nano-QuIC",-1.3,24,0.826,0.25
"156","Moose","Skin","Nano-QuIC",-1.3,28,0.803,0.25
"157","Moose","Skin","Nano-QuIC",-1.3,32,0.76,0.25
"158","Moose","Skin","Nano-QuIC",-1.3,36,0.75,0.25
"159","Moose","Skin","Nano-QuIC",-1.3,40,0.753,0.25
"160","Moose","Skin","Nano-QuIC",-1.3,44,0.799,0.25
"161","Moose","Skin","Nano-QuIC",-1.3,48,0.799,0.25
"162","Moose","Skin","RT-QuIC",-5,24,0.667,0.1
"163","Moose","Skin","RT-QuIC",-5,28,0.66,0.1
"164","Moose","Skin","RT-QuIC",-5,32,0.663,0.1
"165","Moose","Skin","RT-QuIC",-5,36,0.66,0.1
"166","Moose","Skin","RT-QuIC",-5,40,0.653,0.1
"167","Moose","Skin","RT-QuIC",-5,44,0.646,0.1
"168","Moose","Skin","RT-QuIC",-5,48,0.649,0.1
"169","Moose","Skin","RT-QuIC",-4,24,0.812,0.1
"170","Moose","Skin","RT-QuIC",-4,28,0.826,0.1
"171","Moose","Skin","RT-QuIC",-4,32,0.819,0.1
"172","Moose","Skin","RT-QuIC",-4,36,0.812,0.1
"173","Moose","Skin","RT-QuIC",-4,40,0.795,0.1
"174","Moose","Skin","RT-QuIC",-4,44,0.792,0.1
"175","Moose","Skin","RT-QuIC",-4,48,0.788,0.1
"176","Moose","Skin","RT-QuIC",-3,24,0.833,0.1
"177","Moose","Skin","RT-QuIC",-3,28,0.833,0.1
"178","Moose","Skin","RT-QuIC",-3,32,0.83,0.1
"179","Moose","Skin","RT-QuIC",-3,36,0.83,0.1
"180","Moose","Skin","RT-QuIC",-3,40,0.826,0.1
"181","Moose","Skin","RT-QuIC",-3,44,0.83,0.1
"182","Moose","Skin","RT-QuIC",-3,48,0.819,0.1
"183","Moose","Skin","RT-QuIC",-2,24,0.903,0.1
"184","Moose","Skin","RT-QuIC",-2,28,0.913,0.1
"185","Moose","Skin","RT-QuIC",-2,32,0.931,0.1
"186","Moose","Skin","RT-QuIC",-2,36,0.944,0.1
"187","Moose","Skin","RT-QuIC",-2,40,0.948,0.1
"188","Moose","Skin","RT-QuIC",-2,44,0.951,0.1
"189","Moose","Skin","RT-QuIC",-2,48,0.951,0.1
"190","Moose","Skin","RT-QuIC",-1.78,24,0.967,0.1
"191","Moose","Skin","RT-QuIC",-1.78,28,0.967,0.1
"192","Moose","Skin","RT-QuIC",-1.78,32,0.898,0.1
"193","Moose","Skin","RT-QuIC",-1.78,36,0.882,0.1
"194","Moose","Skin","RT-QuIC",-1.78,40,0.882,0.1
"195","Moose","Skin","RT-QuIC",-1.78,44,0.822,0.1
"196","Moose","Skin","RT-QuIC",-1.78,48,0.799,0.1
"197","Moose","Skin","RT-QuIC",-1.6,24,0.872,0.1
"198","Moose","Skin","RT-QuIC",-1.6,28,0.921,0.1
"199","Moose","Skin","RT-QuIC",-1.6,32,0.924,0.1
"200","Moose","Skin","RT-QuIC",-1.6,36,0.938,0.1
"201","Moose","Skin","RT-QuIC",-1.6,40,0.964,0.1
"202","Moose","Skin","RT-QuIC",-1.6,44,0.97,0.1
"203","Moose","Skin","RT-QuIC",-1.6,48,0.974,0.1
"204","Moose","Skin","RT-QuIC",-1.3,24,0.763,0.1
"205","Moose","Skin","RT-QuIC",-1.3,28,0.799,0.1
"206","Moose","Skin","RT-QuIC",-1.3,32,0.812,0.1
"207","Moose","Skin","RT-QuIC",-1.3,36,0.875,0.1
"208","Moose","Skin","RT-QuIC",-1.3,40,0.898,0.1
"209","Moose","Skin","RT-QuIC",-1.3,44,0.918,0.1
"210","Moose","Skin","RT-QuIC",-1.3,48,0.941,0.1
"211","Red Deer","Brain","Nano-QuIC",-5,24,0.562,0.25
"212","Red Deer","Brain","Nano-QuIC",-5,28,0.531,0.25
"213","Red Deer","Brain","Nano-QuIC",-5,32,0.281,0.25
"214","Red Deer","Brain","Nano-QuIC",-5,36,0.25,0.25
"215","Red Deer","Brain","Nano-QuIC",-5,40,0.156,0.25
"216","Red Deer","Brain","Nano-QuIC",-5,44,0.156,0.25
"217","Red Deer","Brain","Nano-QuIC",-5,48,0.188,0.25
"218","Red Deer","Brain","Nano-QuIC",-4,24,0.781,0.25
"219","Red Deer","Brain","Nano-QuIC",-4,28,0.812,0.25
"220","Red Deer","Brain","Nano-QuIC",-4,32,0.688,0.25
"221","Red Deer","Brain","Nano-QuIC",-4,36,0.719,0.25
"222","Red Deer","Brain","Nano-QuIC",-4,40,0.688,0.25
"223","Red Deer","Brain","Nano-QuIC",-4,44,0.656,0.25
"224","Red Deer","Brain","Nano-QuIC",-4,48,0.688,0.25
"225","Red Deer","Brain","Nano-QuIC",-3,24,0.875,0.25
"226","Red Deer","Brain","Nano-QuIC",-3,28,0.906,0.25
"227","Red Deer","Brain","Nano-QuIC",-3,32,0.906,0.25
"228","Red Deer","Brain","Nano-QuIC",-3,36,0.875,0.25
"229","Red Deer","Brain","Nano-QuIC",-3,40,0.812,0.25
"230","Red Deer","Brain","Nano-QuIC",-3,44,0.781,0.25
"231","Red Deer","Brain","Nano-QuIC",-3,48,0.719,0.25
"232","Red Deer","Brain","Nano-QuIC",-2,24,1,0.25
"233","Red Deer","Brain","Nano-QuIC",-2,28,0.969,0.25
"234","Red Deer","Brain","Nano-QuIC",-2,32,1,0.25
"235","Red Deer","Brain","Nano-QuIC",-2,36,1,0.25
"236","Red Deer","Brain","Nano-QuIC",-2,40,1,0.25
"237","Red Deer","Brain","Nano-QuIC",-2,44,1,0.25
"238","Red Deer","Brain","Nano-QuIC",-2,48,1,0.25
"239","Red Deer","Brain","RT-QuIC",-5,24,0.719,0.1
"240","Red Deer","Brain","RT-QuIC",-5,28,0.688,0.1
"241","Red Deer","Brain","RT-QuIC",-5,32,0.562,0.1
"242","Red Deer","Brain","RT-QuIC",-5,36,0.562,0.1
"243","Red Deer","Brain","RT-QuIC",-5,40,0.562,0.1
"244","Red Deer","Brain","RT-QuIC",-5,44,0.531,0.1
"245","Red Deer","Brain","RT-QuIC",-5,48,0.531,0.1
"246","Red Deer","Brain","RT-QuIC",-4,24,0.406,0.1
"247","Red Deer","Brain","RT-QuIC",-4,28,0.688,0.1
"248","Red Deer","Brain","RT-QuIC",-4,32,0.688,0.1
"249","Red Deer","Brain","RT-QuIC",-4,36,0.656,0.1
"250","Red Deer","Brain","RT-QuIC",-4,40,0.688,0.1
"251","Red Deer","Brain","RT-QuIC",-4,44,0.875,0.1
"252","Red Deer","Brain","RT-QuIC",-4,48,0.875,0.1
"253","Red Deer","Brain","RT-QuIC",-3,24,0.844,0.1
"254","Red Deer","Brain","RT-QuIC",-3,28,0.844,0.1
"255","Red Deer","Brain","RT-QuIC",-3,32,0.844,0.1
"256","Red Deer","Brain","RT-QuIC",-3,36,0.844,0.1
"257","Red Deer","Brain","RT-QuIC",-3,40,0.844,0.1
"258","Red Deer","Brain","RT-QuIC",-3,44,0.875,0.1
"259","Red Deer","Brain","RT-QuIC",-3,48,0.875,0.1
"260","Red Deer","Brain","RT-QuIC",-2,24,0.906,0.1
"261","Red Deer","Brain","RT-QuIC",-2,28,0.812,0.1
"262","Red Deer","Brain","RT-QuIC",-2,32,0.844,0.1
"263","Red Deer","Brain","RT-QuIC",-2,36,0.812,0.1
"264","Red Deer","Brain","RT-QuIC",-2,40,0.812,0.1
"265","Red Deer","Brain","RT-QuIC",-2,44,0.781,0.1
"266","Red Deer","Brain","RT-QuIC",-2,48,0.781,0.1
"267","Red Deer","Lymph Node","Nano-QuIC",-5,24,0,0.25
"268","Red Deer","Lymph Node","Nano-QuIC",-5,28,0,0.25
"269","Red Deer","Lymph Node","Nano-QuIC",-5,32,0,0.25
"270","Red Deer","Lymph Node","Nano-QuIC",-5,36,0,0.25
"271","Red Deer","Lymph Node","Nano-QuIC",-5,40,0,0.25
"272","Red Deer","Lymph Node","Nano-QuIC",-5,44,0,0.25
"273","Red Deer","Lymph Node","Nano-QuIC",-5,48,0,0.25
"274","Red Deer","Lymph Node","Nano-QuIC",-4,24,0,0.25
"275","Red Deer","Lymph Node","Nano-QuIC",-4,28,0,0.25
"276","Red Deer","Lymph Node","Nano-QuIC",-4,32,0,0.25
"277","Red Deer","Lymph Node","Nano-QuIC",-4,36,0,0.25
"278","Red Deer","Lymph Node","Nano-QuIC",-4,40,0,0.25
"279","Red Deer","Lymph Node","Nano-QuIC",-4,44,0,0.25
"280","Red Deer","Lymph Node","Nano-QuIC",-4,48,0,0.25
"281","Red Deer","Lymph Node","Nano-QuIC",-3,24,0.25,0.25
"282","Red Deer","Lymph Node","Nano-QuIC",-3,28,0.375,0.25
"283","Red Deer","Lymph Node","Nano-QuIC",-3,32,0.375,0.25
"284","Red Deer","Lymph Node","Nano-QuIC",-3,36,0.375,0.25
"285","Red Deer","Lymph Node","Nano-QuIC",-3,40,0.375,0.25
"286","Red Deer","Lymph Node","Nano-QuIC",-3,44,0.375,0.25
"287","Red Deer","Lymph Node","Nano-QuIC",-3,48,0.375,0.25
"288","Red Deer","Lymph Node","Nano-QuIC",-2,24,0.625,0.25
"289","Red Deer","Lymph Node","Nano-QuIC",-2,28,0.625,0.25
"290","Red Deer","Lymph Node","Nano-QuIC",-2,32,0.75,0.25
"291","Red Deer","Lymph Node","Nano-QuIC",-2,36,0.75,0.25
"292","Red Deer","Lymph Node","Nano-QuIC",-2,40,0.875,0.25
"293","Red Deer","Lymph Node","Nano-QuIC",-2,44,0.875,0.25
"294","Red Deer","Lymph Node","Nano-QuIC",-2,48,0.875,0.25
"295","Red Deer","Lymph Node","RT-QuIC",-5,24,0.234,0.1
"296","Red Deer","Lymph Node","RT-QuIC",-5,28,0.234,0.1
"297","Red Deer","Lymph Node","RT-QuIC",-5,32,0.281,0.1
"298","Red Deer","Lymph Node","RT-QuIC",-5,36,0.312,0.1
"299","Red Deer","Lymph Node","RT-QuIC",-5,40,0.312,0.1
"300","Red Deer","Lymph Node","RT-QuIC",-5,44,0.344,0.1
"301","Red Deer","Lymph Node","RT-QuIC",-5,48,0.375,0.1
"302","Red Deer","Lymph Node","RT-QuIC",-4,24,0.25,0.1
"303","Red Deer","Lymph Node","RT-QuIC",-4,28,0.43,0.1
"304","Red Deer","Lymph Node","RT-QuIC",-4,32,0.555,0.1
"305","Red Deer","Lymph Node","RT-QuIC",-4,36,0.656,0.1
"306","Red Deer","Lymph Node","RT-QuIC",-4,40,0.695,0.1
"307","Red Deer","Lymph Node","RT-QuIC",-4,44,0.703,0.1
"308","Red Deer","Lymph Node","RT-QuIC",-4,48,0.719,0.1
"309","Red Deer","Lymph Node","RT-QuIC",-3,24,0.516,0.1
"310","Red Deer","Lymph Node","RT-QuIC",-3,28,0.516,0.1
"311","Red Deer","Lymph Node","RT-QuIC",-3,32,0.516,0.1
"312","Red Deer","Lymph Node","RT-QuIC",-3,36,0.641,0.1
"313","Red Deer","Lymph Node","RT-QuIC",-3,40,0.641,0.1
"314","Red Deer","Lymph Node","RT-QuIC",-3,44,0.641,0.1
"315","Red Deer","Lymph Node","RT-QuIC",-3,48,0.648,0.1
"316","Red Deer","Lymph Node","RT-QuIC",-2,24,0.086,0.1
"317","Red Deer","Lymph Node","RT-QuIC",-2,28,0.078,0.1
"318","Red Deer","Lymph Node","RT-QuIC",-2,32,0.086,0.1
"319","Red Deer","Lymph Node","RT-QuIC",-2,36,0.086,0.1
"320","Red Deer","Lymph Node","RT-QuIC",-2,40,0.102,0.1
"321","Red Deer","Lymph Node","RT-QuIC",-2,44,0.148,0.1
"322","Red Deer","Lymph Node","RT-QuIC",-2,48,0.18,0.1
"323","Red Deer","Skin","Nano-QuIC",-5,24,0,0.25
"324","Red Deer","Skin","Nano-QuIC",-5,28,0,0.25
"325","Red Deer","Skin","Nano-QuIC",-5,32,0,0.25
"326","Red Deer","Skin","Nano-QuIC",-5,36,0,0.25
"327","Red Deer","Skin","Nano-QuIC",-5,40,0,0.25
"328","Red Deer","Skin","Nano-QuIC",-5,44,0,0.25
"329","Red Deer","Skin","Nano-QuIC",-5,48,0,0.25
"330","Red Deer","Skin","Nano-QuIC",-4,24,0.677,0.25
"331","Red Deer","Skin","Nano-QuIC",-4,28,0.661,0.25
"332","Red Deer","Skin","Nano-QuIC",-4,32,0.661,0.25
"333","Red Deer","Skin","Nano-QuIC",-4,36,0.651,0.25
"334","Red Deer","Skin","Nano-QuIC",-4,40,0.656,0.25
"335","Red Deer","Skin","Nano-QuIC",-4,44,0.641,0.25
"336","Red Deer","Skin","Nano-QuIC",-4,48,0.651,0.25
"337","Red Deer","Skin","Nano-QuIC",-3,24,0.75,0.25
"338","Red Deer","Skin","Nano-QuIC",-3,28,0.746,0.25
"339","Red Deer","Skin","Nano-QuIC",-3,32,0.75,0.25
"340","Red Deer","Skin","Nano-QuIC",-3,36,0.75,0.25
"341","Red Deer","Skin","Nano-QuIC",-3,40,0.733,0.25
"342","Red Deer","Skin","Nano-QuIC",-3,44,0.742,0.25
"343","Red Deer","Skin","Nano-QuIC",-3,48,0.725,0.25
"344","Red Deer","Skin","Nano-QuIC",-2,24,0.672,0.25
"345","Red Deer","Skin","Nano-QuIC",-2,28,0.682,0.25
"346","Red Deer","Skin","Nano-QuIC",-2,32,0.693,0.25
"347","Red Deer","Skin","Nano-QuIC",-2,36,0.703,0.25
"348","Red Deer","Skin","Nano-QuIC",-2,40,0.708,0.25
"349","Red Deer","Skin","Nano-QuIC",-2,44,0.714,0.25
"350","Red Deer","Skin","Nano-QuIC",-2,48,0.714,0.25
"351","Red Deer","Skin","Nano-QuIC",-1.78,24,0,0.25
"352","Red Deer","Skin","Nano-QuIC",-1.78,28,0.021,0.25
"353","Red Deer","Skin","Nano-QuIC",-1.78,32,0.099,0.25
"354","Red Deer","Skin","Nano-QuIC",-1.78,36,0.125,0.25
"355","Red Deer","Skin","Nano-QuIC",-1.78,40,0.156,0.25
"356","Red Deer","Skin","Nano-QuIC",-1.78,44,0.161,0.25
"357","Red Deer","Skin","Nano-QuIC",-1.78,48,0.198,0.25
"358","Red Deer","Skin","Nano-QuIC",-1.6,24,0.505,0.25
"359","Red Deer","Skin","Nano-QuIC",-1.6,28,0.547,0.25
"360","Red Deer","Skin","Nano-QuIC",-1.6,32,0.573,0.25
"361","Red Deer","Skin","Nano-QuIC",-1.6,36,0.573,0.25
"362","Red Deer","Skin","Nano-QuIC",-1.6,40,0.578,0.25
"363","Red Deer","Skin","Nano-QuIC",-1.6,44,0.589,0.25
"364","Red Deer","Skin","Nano-QuIC",-1.6,48,0.677,0.25
"365","Red Deer","Skin","Nano-QuIC",-1.3,24,0.812,0.25
"366","Red Deer","Skin","Nano-QuIC",-1.3,28,0.875,0.25
"367","Red Deer","Skin","Nano-QuIC",-1.3,32,0.875,0.25
"368","Red Deer","Skin","Nano-QuIC",-1.3,36,0.875,0.25
"369","Red Deer","Skin","Nano-QuIC",-1.3,40,0.875,0.25
"370","Red Deer","Skin","Nano-QuIC",-1.3,44,0.88,0.25
"371","Red Deer","Skin","Nano-QuIC",-1.3,48,0.896,0.25
"372","Red Deer","Skin","RT-QuIC",-5,24,0.188,0.1
"373","Red Deer","Skin","RT-QuIC",-5,28,0.188,0.1
"374","Red Deer","Skin","RT-QuIC",-5,32,0.188,0.1
"375","Red Deer","Skin","RT-QuIC",-5,36,0.188,0.1
"376","Red Deer","Skin","RT-QuIC",-5,40,0.208,0.1
"377","Red Deer","Skin","RT-QuIC",-5,44,0.188,0.1
"378","Red Deer","Skin","RT-QuIC",-5,48,0.208,0.1
"379","Red Deer","Skin","RT-QuIC",-4,24,0.677,0.1
"380","Red Deer","Skin","RT-QuIC",-4,28,0.672,0.1
"381","Red Deer","Skin","RT-QuIC",-4,32,0.672,0.1
"382","Red Deer","Skin","RT-QuIC",-4,36,0.682,0.1
"383","Red Deer","Skin","RT-QuIC",-4,40,0.688,0.1
"384","Red Deer","Skin","RT-QuIC",-4,44,0.708,0.1
"385","Red Deer","Skin","RT-QuIC",-4,48,0.734,0.1
"386","Red Deer","Skin","RT-QuIC",-3,24,0.721,0.1
"387","Red Deer","Skin","RT-QuIC",-3,28,0.733,0.1
"388","Red Deer","Skin","RT-QuIC",-3,32,0.737,0.1
"389","Red Deer","Skin","RT-QuIC",-3,36,0.667,0.1
"390","Red Deer","Skin","RT-QuIC",-3,40,0.662,0.1
"391","Red Deer","Skin","RT-QuIC",-3,44,0.654,0.1
"392","Red Deer","Skin","RT-QuIC",-3,48,0.65,0.1
"393","Red Deer","Skin","RT-QuIC",-2,24,0.771,0.1
"394","Red Deer","Skin","RT-QuIC",-2,28,0.776,0.1
"395","Red Deer","Skin","RT-QuIC",-2,32,0.771,0.1
"396","Red Deer","Skin","RT-QuIC",-2,36,0.776,0.1
"397","Red Deer","Skin","RT-QuIC",-2,40,0.786,0.1
"398","Red Deer","Skin","RT-QuIC",-2,44,0.776,0.1
"399","Red Deer","Skin","RT-QuIC",-2,48,0.698,0.1
"400","Red Deer","Skin","RT-QuIC",-1.78,24,0.193,0.1
"401","Red Deer","Skin","RT-QuIC",-1.78,28,0.276,0.1
"402","Red Deer","Skin","RT-QuIC",-1.78,32,0.339,0.1
"403","Red Deer","Skin","RT-QuIC",-1.78,36,0.339,0.1
"404","Red Deer","Skin","RT-QuIC",-1.78,40,0.328,0.1
"405","Red Deer","Skin","RT-QuIC",-1.78,44,0.391,0.1
"406","Red Deer","Skin","RT-QuIC",-1.78,48,0.38,0.1
"407","Red Deer","Skin","RT-QuIC",-1.6,24,0.505,0.1
"408","Red Deer","Skin","RT-QuIC",-1.6,28,0.536,0.1
"409","Red Deer","Skin","RT-QuIC",-1.6,32,0.547,0.1
"410","Red Deer","Skin","RT-QuIC",-1.6,36,0.62,0.1
"411","Red Deer","Skin","RT-QuIC",-1.6,40,0.651,0.1
"412","Red Deer","Skin","RT-QuIC",-1.6,44,0.688,0.1
"413","Red Deer","Skin","RT-QuIC",-1.6,48,0.781,0.1
"414","Red Deer","Skin","RT-QuIC",-1.3,24,0.573,0.1
"415","Red Deer","Skin","RT-QuIC",-1.3,28,0.693,0.1
"416","Red Deer","Skin","RT-QuIC",-1.3,32,0.734,0.1
"417","Red Deer","Skin","RT-QuIC",-1.3,36,0.88,0.1
"418","Red Deer","Skin","RT-QuIC",-1.3,40,0.88,0.1
"419","Red Deer","Skin","RT-QuIC",-1.3,44,0.891,0.1
"420","Red Deer","Skin","RT-QuIC",-1.3,48,0.979,0.1
"421","Reindeer","Brain","Nano-QuIC",-5,24,0.444,0.25
"422","Reindeer","Brain","Nano-QuIC",-5,28,0.442,0.25
"423","Reindeer","Brain","Nano-QuIC",-5,32,0.508,0.25
"424","Reindeer","Brain","Nano-QuIC",-5,36,0.515,0.25
"425","Reindeer","Brain","Nano-QuIC",-5,40,0.512,0.25
"426","Reindeer","Brain","Nano-QuIC",-5,44,0.531,0.25
"427","Reindeer","Brain","Nano-QuIC",-5,48,0.531,0.25
"428","Reindeer","Brain","Nano-QuIC",-4,24,0.59,0.25
"429","Reindeer","Brain","Nano-QuIC",-4,28,0.59,0.25
"430","Reindeer","Brain","Nano-QuIC",-4,32,0.579,0.25
"431","Reindeer","Brain","Nano-QuIC",-4,36,0.61,0.25
"432","Reindeer","Brain","Nano-QuIC",-4,40,0.598,0.25
"433","Reindeer","Brain","Nano-QuIC",-4,44,0.6,0.25
"434","Reindeer","Brain","Nano-QuIC",-4,48,0.6,0.25
"435","Reindeer","Brain","Nano-QuIC",-3,24,0.95,0.25
"436","Reindeer","Brain","Nano-QuIC",-3,28,0.952,0.25
"437","Reindeer","Brain","Nano-QuIC",-3,32,0.946,0.25
"438","Reindeer","Brain","Nano-QuIC",-3,36,0.94,0.25
"439","Reindeer","Brain","Nano-QuIC",-3,40,0.919,0.25
"440","Reindeer","Brain","Nano-QuIC",-3,44,0.904,0.25
"441","Reindeer","Brain","Nano-QuIC",-3,48,0.887,0.25
"442","Reindeer","Brain","Nano-QuIC",-2,24,0.923,0.25
"443","Reindeer","Brain","Nano-QuIC",-2,28,0.94,0.25
"444","Reindeer","Brain","Nano-QuIC",-2,32,0.931,0.25
"445","Reindeer","Brain","Nano-QuIC",-2,36,0.925,0.25
"446","Reindeer","Brain","Nano-QuIC",-2,40,0.917,0.25
"447","Reindeer","Brain","Nano-QuIC",-2,44,0.933,0.25
"448","Reindeer","Brain","Nano-QuIC",-2,48,0.944,0.25
"449","Reindeer","Brain","RT-QuIC",-5,24,0.525,0.1
"450","Reindeer","Brain","RT-QuIC",-5,28,0.569,0.1
"451","Reindeer","Brain","RT-QuIC",-5,32,0.565,0.1
"452","Reindeer","Brain","RT-QuIC",-5,36,0.571,0.1
"453","Reindeer","Brain","RT-QuIC",-5,40,0.569,0.1
"454","Reindeer","Brain","RT-QuIC",-5,44,0.583,0.1
"455","Reindeer","Brain","RT-QuIC",-5,48,0.581,0.1
"456","Reindeer","Brain","RT-QuIC",-4,24,0.777,0.1
"457","Reindeer","Brain","RT-QuIC",-4,28,0.848,0.1
"458","Reindeer","Brain","RT-QuIC",-4,32,0.852,0.1
"459","Reindeer","Brain","RT-QuIC",-4,36,0.852,0.1
"460","Reindeer","Brain","RT-QuIC",-4,40,0.854,0.1
"461","Reindeer","Brain","RT-QuIC",-4,44,0.856,0.1
"462","Reindeer","Brain","RT-QuIC",-4,48,0.852,0.1
"463","Reindeer","Brain","RT-QuIC",-3,24,0.819,0.1
"464","Reindeer","Brain","RT-QuIC",-3,28,0.819,0.1
"465","Reindeer","Brain","RT-QuIC",-3,32,0.827,0.1
"466","Reindeer","Brain","RT-QuIC",-3,36,0.854,0.1
"467","Reindeer","Brain","RT-QuIC",-3,40,0.835,0.1
"468","Reindeer","Brain","RT-QuIC",-3,44,0.777,0.1
"469","Reindeer","Brain","RT-QuIC",-3,48,0.758,0.1
"470","Reindeer","Brain","RT-QuIC",-2,24,0.423,0.1
"471","Reindeer","Brain","RT-QuIC",-2,28,0.413,0.1
"472","Reindeer","Brain","RT-QuIC",-2,32,0.402,0.1
"473","Reindeer","Brain","RT-QuIC",-2,36,0.402,0.1
"474","Reindeer","Brain","RT-QuIC",-2,40,0.4,0.1
"475","Reindeer","Brain","RT-QuIC",-2,44,0.388,0.1
"476","Reindeer","Brain","RT-QuIC",-2,48,0.379,0.1
"477","Reindeer","Lymph Node","Nano-QuIC",-5,24,0.606,0.25
"478","Reindeer","Lymph Node","Nano-QuIC",-5,28,0.627,0.25
"479","Reindeer","Lymph Node","Nano-QuIC",-5,32,0.717,0.25
"480","Reindeer","Lymph Node","Nano-QuIC",-5,36,0.775,0.25
"481","Reindeer","Lymph Node","Nano-QuIC",-5,40,0.785,0.25
"482","Reindeer","Lymph Node","Nano-QuIC",-5,44,0.867,0.25
"483","Reindeer","Lymph Node","Nano-QuIC",-5,48,0.865,0.25
"484","Reindeer","Lymph Node","Nano-QuIC",-4,24,0.662,0.25
"485","Reindeer","Lymph Node","Nano-QuIC",-4,28,0.671,0.25
"486","Reindeer","Lymph Node","Nano-QuIC",-4,32,0.729,0.25
"487","Reindeer","Lymph Node","Nano-QuIC",-4,36,0.762,0.25
"488","Reindeer","Lymph Node","Nano-QuIC",-4,40,0.808,0.25
"489","Reindeer","Lymph Node","Nano-QuIC",-4,44,0.892,0.25
"490","Reindeer","Lymph Node","Nano-QuIC",-4,48,0.917,0.25
"491","Reindeer","Lymph Node","Nano-QuIC",-3,24,0.958,0.25
"492","Reindeer","Lymph Node","Nano-QuIC",-3,28,0.985,0.25
"493","Reindeer","Lymph Node","Nano-QuIC",-3,32,1,0.25
"494","Reindeer","Lymph Node","Nano-QuIC",-3,36,1,0.25
"495","Reindeer","Lymph Node","Nano-QuIC",-3,40,1,0.25
"496","Reindeer","Lymph Node","Nano-QuIC",-3,44,1,0.25
"497","Reindeer","Lymph Node","Nano-QuIC",-3,48,1,0.25
"498","Reindeer","Lymph Node","Nano-QuIC",-2,24,0.925,0.25
"499","Reindeer","Lymph Node","Nano-QuIC",-2,28,0.958,0.25
"500","Reindeer","Lymph Node","Nano-QuIC",-2,32,0.942,0.25
"501","Reindeer","Lymph Node","Nano-QuIC",-2,36,0.915,0.25
"502","Reindeer","Lymph Node","Nano-QuIC",-2,40,0.915,0.25
"503","Reindeer","Lymph Node","Nano-QuIC",-2,44,0.912,0.25
"504","Reindeer","Lymph Node","Nano-QuIC",-2,48,0.904,0.25
"505","Reindeer","Lymph Node","RT-QuIC",-5,24,0.671,0.1
"506","Reindeer","Lymph Node","RT-QuIC",-5,28,0.708,0.1
"507","Reindeer","Lymph Node","RT-QuIC",-5,32,0.725,0.1
"508","Reindeer","Lymph Node","RT-QuIC",-5,36,0.823,0.1
"509","Reindeer","Lymph Node","RT-QuIC",-5,40,0.827,0.1
"510","Reindeer","Lymph Node","RT-QuIC",-5,44,0.84,0.1
"511","Reindeer","Lymph Node","RT-QuIC",-5,48,0.838,0.1
"512","Reindeer","Lymph Node","RT-QuIC",-4,24,0.856,0.1
"513","Reindeer","Lymph Node","RT-QuIC",-4,28,0.896,0.1
"514","Reindeer","Lymph Node","RT-QuIC",-4,32,1,0.1
"515","Reindeer","Lymph Node","RT-QuIC",-4,36,1,0.1
"516","Reindeer","Lymph Node","RT-QuIC",-4,40,1,0.1
"517","Reindeer","Lymph Node","RT-QuIC",-4,44,1,0.1
"518","Reindeer","Lymph Node","RT-QuIC",-4,48,1,0.1
"519","Reindeer","Lymph Node","RT-QuIC",-3,24,1,0.1
"520","Reindeer","Lymph Node","RT-QuIC",-3,28,1,0.1
"521","Reindeer","Lymph Node","RT-QuIC",-3,32,1,0.1
"522","Reindeer","Lymph Node","RT-QuIC",-3,36,1,0.1
"523","Reindeer","Lymph Node","RT-QuIC",-3,40,1,0.1
"524","Reindeer","Lymph Node","RT-QuIC",-3,44,1,0.1
"525","Reindeer","Lymph Node","RT-QuIC",-3,48,1,0.1
"526","Reindeer","Lymph Node","RT-QuIC",-2,24,0.679,0.1
"527","Reindeer","Lymph Node","RT-QuIC",-2,28,0.698,0.1
"528","Reindeer","Lymph Node","RT-QuIC",-2,32,0.713,0.1
"529","Reindeer","Lymph Node","RT-QuIC",-2,36,0.7,0.1
"530","Reindeer","Lymph Node","RT-QuIC",-2,40,0.694,0.1
"531","Reindeer","Lymph Node","RT-QuIC",-2,44,0.704,0.1
"532","Reindeer","Lymph Node","RT-QuIC",-2,48,0.725,0.1
