"","threshold","sensitivity","specificity","auc","youden"
"1",1.79226328152789,0.75,0.895161290322581,0.824291300097752,0.645161290322581
"2",1.79783357364579,0.742424242424242,0.895161290322581,0.824291300097752,0.637585532746823
"3",1.78372938438706,0.75,0.887096774193548,0.824291300097752,0.637096774193548
"4",1.77415002733588,0.757575757575758,0.879032258064516,0.824291300097752,0.636608015640274
"5",1.76379186577466,0.772727272727273,0.862903225806452,0.824291300097752,0.635630498533724
"6",1.81754772229342,0.727272727272727,0.903225806451613,0.824291300097752,0.63049853372434
"7",1.80053773102049,0.734848484848485,0.895161290322581,0.824291300097752,0.630009775171065
"8",1.77722958461786,0.75,0.879032258064516,0.824291300097752,0.629032258064516
"9",1.77295934608112,0.757575757575758,0.870967741935484,0.824291300097752,0.628543499511241
"10",1.76924233647354,0.765151515151515,0.862903225806452,0.824291300097752,0.628054740957967
"11",1.75419303219832,0.772727272727273,0.854838709677419,0.824291300097752,0.627565982404692
"12",1.82432202069304,0.71969696969697,0.903225806451613,0.824291300097752,0.622922776148583
"13",1.80916808891457,0.727272727272727,0.895161290322581,0.824291300097752,0.622434017595308
"14",1.77145089391112,0.757575757575758,0.862903225806452,0.824291300097752,0.620478983382209
"15",1.74385121073565,0.772727272727273,0.846774193548387,0.824291300097752,0.61950146627566
"16",1.83284008528086,0.712121212121212,0.903225806451613,0.824291300097752,0.615347018572825
"17",1.73006270219991,0.772727272727273,0.838709677419355,0.824291300097752,0.611436950146627
"18",2.5515592212637,0.659090909090909,0.951612903225806,0.824291300097752,0.610703812316716
"19",1.83845127360987,0.704545454545455,0.903225806451613,0.824291300097752,0.607771260997068
"20",1.71517588455733,0.772727272727273,0.830645161290323,0.824291300097752,0.603372434017595
"21",3.17309518174287,0.651515151515151,0.951612903225806,0.824291300097752,0.603128054740958
"22",2.09605147423782,0.659090909090909,0.943548387096774,0.824291300097752,0.602639296187683
"23",1.69858707326037,0.787878787878788,0.814516129032258,0.824291300097752,0.602394916911046
"24",1.64136370790488,0.803030303030303,0.798387096774194,0.824291300097752,0.601417399804496
"25",1.84154259350082,0.696969696969697,0.903225806451613,0.824291300097752,0.60019550342131
"26",3.95578237923742,0.643939393939394,0.951612903225806,0.824291300097752,0.595552297165201
"27",1.70782528095913,0.772727272727273,0.82258064516129,0.824291300097752,0.595307917888563
"28",1.70223416394747,0.78030303030303,0.814516129032258,0.824291300097752,0.594819159335288
"29",1.93824031938641,0.659090909090909,0.935483870967742,0.824291300097752,0.594574780058651
"30",1.6974404925195,0.787878787878788,0.806451612903226,0.824291300097752,0.594330400782014
"31",1.9090907567967,0.666666666666667,0.92741935483871,0.824291300097752,0.594086021505376
"32",1.66353697505803,0.795454545454545,0.798387096774194,0.824291300097752,0.593841642228739
"33",1.62745736615743,0.803030303030303,0.790322580645161,0.824291300097752,0.593352883675464
"34",1.85656243801836,0.681818181818182,0.911290322580645,0.824291300097752,0.593108504398827
"35",1.84515315982032,0.689393939393939,0.903225806451613,0.824291300097752,0.592619745845552
"36",4.47569356438671,0.636363636363636,0.951612903225806,0.824291300097752,0.587976539589443
"37",1.7061135021878,0.772727272727273,0.814516129032258,0.824291300097752,0.587243401759531
"38",1.92513382320899,0.659090909090909,0.92741935483871,0.824291300097752,0.586510263929619
"39",1.68485023969348,0.787878787878788,0.798387096774194,0.824291300097752,0.586265884652981
"40",1.89873900272495,0.666666666666667,0.919354838709677,0.824291300097752,0.586021505376344
"41",1.8659996720364,0.674242424242424,0.911290322580645,0.824291300097752,0.585532746823069
"42",1.62567501355895,0.803030303030303,0.782258064516129,0.824291300097752,0.585288367546432
"43",1.8509714211157,0.681818181818182,0.903225806451613,0.824291300097752,0.585043988269795
"44",4.63656306792309,0.628787878787879,0.951612903225806,0.824291300097752,0.580400782013685
"45",1.88234691633705,0.666666666666667,0.911290322580645,0.824291300097752,0.577956989247312
"46",1.62199856453761,0.803030303030303,0.774193548387097,0.824291300097752,0.5772238514174
"47",4.78637234018791,0.621212121212121,0.951612903225806,0.824291300097752,0.572825024437928
"48",1.61552086921107,0.803030303030303,0.766129032258065,0.824291300097752,0.569159335288367
"49",4.93867613459375,0.613636363636364,0.951612903225806,0.824291300097752,0.56524926686217
"50",1.60848578930679,0.803030303030303,0.758064516129032,0.824291300097752,0.561094819159335
"51",5.06229695952517,0.606060606060606,0.951612903225806,0.824291300097752,0.557673509286412
"52",1.60385771173778,0.803030303030303,0.75,0.824291300097752,0.553030303030303
"53",5.1976162393693,0.598484848484849,0.951612903225806,0.824291300097752,0.550097751710655
"54",1.60228484685267,0.803030303030303,0.741935483870968,0.824291300097752,0.544965786901271
"55",5.32284644194756,0.590909090909091,0.951612903225806,0.824291300097752,0.542521994134897
"56",1.59999271158394,0.803030303030303,0.733870967741935,0.824291300097752,0.536901270772238
"57",5.4663392083213,0.583333333333333,0.951612903225806,0.824291300097752,0.53494623655914
"58",1.59727450816791,0.803030303030303,0.725806451612903,0.824291300097752,0.528836754643206
"59",5.69034135587506,0.575757575757576,0.951612903225806,0.824291300097752,0.527370478983382
"60",1.59198126309479,0.803030303030303,0.717741935483871,0.824291300097752,0.520772238514174
"61",5.80294951597481,0.568181818181818,0.951612903225806,0.824291300097752,0.519794721407625
"62",1.587638612458,0.803030303030303,0.709677419354839,0.824291300097752,0.512707722385142
"63",5.87493130416402,0.560606060606061,0.951612903225806,0.824291300097752,0.512218963831867
"64",1.58487400952029,0.803030303030303,0.701612903225806,0.824291300097752,0.504643206256109
"65",5.92973921000458,0.553030303030303,0.951612903225806,0.824291300097752,0.504643206256109
"66",5.93898266247299,0.545454545454545,0.951612903225806,0.824291300097752,0.497067448680352
"67",1.57924680725359,0.803030303030303,0.693548387096774,0.824291300097752,0.496578690127077
"68",5.9747711553079,0.537878787878788,0.951612903225806,0.824291300097752,0.489491691104594
"69",1.56686407879536,0.803030303030303,0.685483870967742,0.824291300097752,0.488514173998045
"70",6.07611843981034,0.53030303030303,0.951612903225806,0.824291300097752,0.481915933528837
"71",1.55554406342134,0.803030303030303,0.67741935483871,0.824291300097752,0.480449657869013
"72",6.17981730309931,0.522727272727273,0.951612903225806,0.824291300097752,0.474340175953079
"73",1.55277985197103,0.803030303030303,0.669354838709677,0.824291300097752,0.47238514173998
"74",6.30595121435934,0.507575757575758,0.959677419354839,0.824291300097752,0.467253176930596
"75",6.22934075051387,0.515151515151515,0.951612903225806,0.824291300097752,0.466764418377322
"76",1.54864419271628,0.803030303030303,0.661290322580645,0.824291300097752,0.464320625610948
"77",6.36405399835933,0.5,0.959677419354839,0.824291300097752,0.459677419354839
"78",6.24935208061805,0.507575757575758,0.951612903225806,0.824291300097752,0.459188660801564
"79",1.54229976125752,0.803030303030303,0.653225806451613,0.824291300097752,0.456256109481916
"80",6.52898093402084,0.492424242424242,0.959677419354839,0.824291300097752,0.452101661779081
"81",1.53927154785157,0.803030303030303,0.645161290322581,0.824291300097752,0.448191593352884
"82",6.74569515048909,0.484848484848485,0.959677419354839,0.824291300097752,0.444525904203324
"83",1.53590328607707,0.803030303030303,0.637096774193548,0.824291300097752,0.440127077223851
"84",6.92274290650645,0.46969696969697,0.967741935483871,0.824291300097752,0.437438905180841
"85",6.831500723477,0.477272727272727,0.959677419354839,0.824291300097752,0.436950146627566
"86",1.53264376089374,0.803030303030303,0.629032258064516,0.824291300097752,0.432062561094819
"87",6.93896333357876,0.462121212121212,0.967741935483871,0.824291300097752,0.429863147605083
"88",6.88733631343512,0.46969696969697,0.959677419354839,0.824291300097752,0.429374389051808
"89",1.52965120179486,0.803030303030303,0.620967741935484,0.824291300097752,0.423998044965787
"90",6.95975556825685,0.454545454545455,0.967741935483871,0.824291300097752,0.422287390029326
"91",1.52288517834985,0.803030303030303,0.612903225806452,0.824291300097752,0.415933528836755
"92",6.98130907999995,0.446969696969697,0.967741935483871,0.824291300097752,0.414711632453568
"93",1.51624759849452,0.803030303030303,0.604838709677419,0.824291300097752,0.407869012707722
"94",7.09093510227756,0.439393939393939,0.967741935483871,0.824291300097752,0.40713587487781
"95",1.51229209040092,0.803030303030303,0.596774193548387,0.824291300097752,0.39980449657869
"96",7.23947442881909,0.431818181818182,0.967741935483871,0.824291300097752,0.399560117302053
"97",7.32665104548697,0.424242424242424,0.967741935483871,0.824291300097752,0.391984359726295
"98",1.50910236088159,0.803030303030303,0.588709677419355,0.824291300097752,0.391739980449658
"99",7.43411415604327,0.416666666666667,0.967741935483871,0.824291300097752,0.384408602150538
"100",1.5035232268429,0.803030303030303,0.580645161290323,0.824291300097752,0.383675464320626
"101",7.50239852358835,0.409090909090909,0.967741935483871,0.824291300097752,0.37683284457478
"102",1.49580130100532,0.803030303030303,0.57258064516129,0.824291300097752,0.375610948191593
"103",7.51120759093666,0.401515151515151,0.967741935483871,0.824291300097752,0.369257086999022
"104",1.48640514204047,0.803030303030303,0.564516129032258,0.824291300097752,0.367546432062561
"105",7.5216307601983,0.393939393939394,0.967741935483871,0.824291300097752,0.361681329423265
"106",1.47926249781461,0.803030303030303,0.556451612903226,0.824291300097752,0.359481915933529
"107",7.5520401753552,0.386363636363636,0.967741935483871,0.824291300097752,0.354105571847507
"108",1.47542062933453,0.803030303030303,0.548387096774194,0.824291300097752,0.351417399804496
"109",7.70213485116696,0.371212121212121,0.975806451612903,0.824291300097752,0.347018572825025
"110",7.62771299666118,0.378787878787879,0.967741935483871,0.824291300097752,0.34652981427175
"111",1.47336872140036,0.803030303030303,0.540322580645161,0.824291300097752,0.343352883675464
"112",7.72777570815263,0.363636363636364,0.975806451612903,0.824291300097752,0.339442815249267
"113",7.685553265463,0.371212121212121,0.967741935483871,0.824291300097752,0.338954056695992
"114",1.47172883856704,0.803030303030303,0.532258064516129,0.824291300097752,0.335288367546432
"115",7.86652632597166,0.356060606060606,0.975806451612903,0.824291300097752,0.331867057673509
"116",1.46616212097291,0.803030303030303,0.524193548387097,0.824291300097752,0.3272238514174
"117",8.00431010889533,0.348484848484849,0.975806451612903,0.824291300097752,0.324291300097752
"118",1.46037887422637,0.803030303030303,0.516129032258065,0.824291300097752,0.319159335288367
"119",8.05773859149914,0.340909090909091,0.975806451612903,0.824291300097752,0.316715542521994
"120",1.45847398764377,0.803030303030303,0.508064516129032,0.824291300097752,0.311094819159335
"121",1.44539621923025,0.810606060606061,0.5,0.824291300097752,0.310606060606061
"122",8.1158852358534,0.333333333333333,0.975806451612903,0.824291300097752,0.309139784946237
"123",1.42949912945008,0.840909090909091,0.467741935483871,0.824291300097752,0.308651026392962
"124",1.45364500366525,0.803030303030303,0.5,0.824291300097752,0.303030303030303
"125",1.44042077223857,0.810606060606061,0.491935483870968,0.824291300097752,0.302541544477028
"126",8.20788041479038,0.325757575757576,0.975806451612903,0.824291300097752,0.301564027370479
"127",1.43237330565879,0.833333333333333,0.467741935483871,0.824291300097752,0.301075268817204
"128",1.42769858107627,0.840909090909091,0.459677419354839,0.824291300097752,0.30058651026393
"129",1.41791555176924,0.848484848484849,0.451612903225806,0.824291300097752,0.300097751710655
"130",1.438748495505,0.810606060606061,0.483870967741935,0.824291300097752,0.294477028347996
"131",1.43744554553992,0.818181818181818,0.475806451612903,0.824291300097752,0.293988269794721
"132",8.28125862454206,0.318181818181818,0.975806451612903,0.824291300097752,0.293988269794721
"133",1.43469778293548,0.825757575757576,0.467741935483871,0.824291300097752,0.293499511241447
"134",1.42357640577875,0.840909090909091,0.451612903225806,0.824291300097752,0.292521994134897
"135",1.41495046223408,0.848484848484849,0.443548387096774,0.824291300097752,0.292033235581623
"136",1.43827218585048,0.810606060606061,0.475806451612903,0.824291300097752,0.286412512218964
"137",8.2975884330602,0.310606060606061,0.975806451612903,0.824291300097752,0.286412512218964
"138",1.43619309201425,0.818181818181818,0.467741935483871,0.824291300097752,0.285923753665689
"139",1.41284767864481,0.848484848484849,0.435483870967742,0.824291300097752,0.28396871945259
"140",8.32123059424193,0.303030303030303,0.975806451612903,0.824291300097752,0.278836754643206
"141",1.40652798353885,0.848484848484849,0.42741935483871,0.824291300097752,0.275904203323558
"142",8.41202613637438,0.295454545454545,0.975806451612903,0.824291300097752,0.271260997067449
"143",1.3959418467764,0.848484848484849,0.419354838709677,0.824291300097752,0.267839687194526
"144",8.55952040998003,0.287878787878788,0.975806451612903,0.824291300097752,0.263685239491691
"145",1.38819021599842,0.848484848484849,0.411290322580645,0.824291300097752,0.259775171065494
"146",1.38380733441697,0.856060606060606,0.403225806451613,0.824291300097752,0.259286412512219
"147",8.63181426662707,0.28030303030303,0.975806451612903,0.824291300097752,0.256109481915934
"148",1.38496481915899,0.848484848484849,0.403225806451613,0.824291300097752,0.251710654936461
"149",1.38204300605581,0.856060606060606,0.395161290322581,0.824291300097752,0.251221896383187
"150",1.36006292563434,0.886363636363636,0.362903225806452,0.824291300097752,0.249266862170088
"151",1.35488956994247,0.893939393939394,0.354838709677419,0.824291300097752,0.248778103616813
"152",8.66934270379257,0.272727272727273,0.975806451612903,0.824291300097752,0.248533724340176
"153",1.38047991813834,0.856060606060606,0.387096774193548,0.824291300097752,0.243157380254154
"154",1.37864143296268,0.863636363636364,0.379032258064516,0.824291300097752,0.24266862170088
"155",1.36630776858904,0.878787878787879,0.362903225806452,0.824291300097752,0.24169110459433
"156",1.3580598292654,0.886363636363636,0.354838709677419,0.824291300097752,0.241202346041056
"157",8.71963292582491,0.265151515151515,0.975806451612903,0.824291300097752,0.240957966764418
"158",1.35119862384802,0.893939393939394,0.346774193548387,0.824291300097752,0.240713587487781
"159",1.37975583724464,0.856060606060606,0.379032258064516,0.824291300097752,0.235092864125122
"160",1.37525920805767,0.863636363636364,0.370967741935484,0.824291300097752,0.234604105571848
"161",1.37068345273796,0.871212121212121,0.362903225806452,0.824291300097752,0.234115347018573
"162",8.81129884250474,0.257575757575758,0.975806451612903,0.824291300097752,0.233382209188661
"163",1.347540408846,0.893939393939394,0.338709677419355,0.824291300097752,0.232649071358749
"164",1.37164173132396,0.863636363636364,0.362903225806452,0.824291300097752,0.226539589442815
"165",8.89919356030057,0.25,0.975806451612903,0.824291300097752,0.225806451612903
"166",1.342316003903,0.893939393939394,0.330645161290323,0.824291300097752,0.224584555229717
"167",9.11982524683037,0.242424242424242,0.975806451612903,0.824291300097752,0.218230694037146
"168",1.33805431235105,0.893939393939394,0.32258064516129,0.824291300097752,0.216520039100684
"169",9.33584389252329,0.234848484848485,0.975806451612903,0.824291300097752,0.210654936461388
"170",1.33535985884052,0.893939393939394,0.314516129032258,0.824291300097752,0.208455522971652
"171",1.33403068340307,0.901515151515151,0.306451612903226,0.824291300097752,0.207966764418377
"172",1.31742998896143,0.931818181818182,0.274193548387097,0.824291300097752,0.206011730205279
"173",9.37820552927009,0.227272727272727,0.975806451612903,0.824291300097752,0.203079178885631
"174",1.33478234518075,0.893939393939394,0.306451612903226,0.824291300097752,0.20039100684262
"175",1.33198924731182,0.901515151515151,0.298387096774194,0.824291300097752,0.199902248289345
"176",1.31856778721742,0.916666666666667,0.282258064516129,0.824291300097752,0.198924731182796
"177",1.31769919982831,0.924242424242424,0.274193548387097,0.824291300097752,0.198435972629521
"178",1.31535242585801,0.931818181818182,0.266129032258065,0.824291300097752,0.197947214076246
"179",9.4875810428783,0.21969696969697,0.975806451612903,0.824291300097752,0.195503421309873
"180",1.32939360997322,0.901515151515151,0.290322580645161,0.824291300097752,0.191837732160313
"181",1.32290995494541,0.909090909090909,0.282258064516129,0.824291300097752,0.191348973607038
"182",1.31795323351174,0.916666666666667,0.274193548387097,0.824291300097752,0.190860215053763
"183",1.31289867483288,0.931818181818182,0.258064516129032,0.824291300097752,0.189882697947214
"184",9.61051491711555,0.212121212121212,0.975806451612903,0.824291300097752,0.187927663734115
"185",1.32745685609971,0.901515151515151,0.282258064516129,0.824291300097752,0.183773216031281
"186",1.30554558693504,0.931818181818182,0.25,0.824291300097752,0.181818181818182
"187",9.6897620139371,0.204545454545455,0.975806451612903,0.824291300097752,0.180351906158358
"188",1.29708624708625,0.931818181818182,0.241935483870968,0.824291300097752,0.17375366568915
"189",9.73507868479098,0.196969696969697,0.975806451612903,0.824291300097752,0.1727761485826
"190",1.29526825633383,0.931818181818182,0.233870967741935,0.824291300097752,0.165689149560117
"191",9.91564615527463,0.189393939393939,0.975806451612903,0.824291300097752,0.165200391006843
"192",10.187106542452,0.181818181818182,0.975806451612903,0.824291300097752,0.157624633431085
"193",1.29482374747826,0.931818181818182,0.225806451612903,0.824291300097752,0.157624633431085
"194",1.28958004200293,0.939393939393939,0.217741935483871,0.824291300097752,0.15713587487781
"195",1.27127177748332,0.954545454545455,0.201612903225806,0.824291300097752,0.156158357771261
"196",10.3238603728516,0.174242424242424,0.975806451612903,0.824291300097752,0.150048875855328
"197",1.29321299083148,0.931818181818182,0.217741935483871,0.824291300097752,0.149560117302053
"198",1.28467545606879,0.939393939393939,0.209677419354839,0.824291300097752,0.149071358748778
"199",1.27279485675993,0.946969696969697,0.201612903225806,0.824291300097752,0.148582600195504
"200",1.26820992665803,0.954545454545455,0.193548387096774,0.824291300097752,0.148093841642229
"201",1.2621394081732,0.962121212121212,0.185483870967742,0.824291300097752,0.147605083088954
"202",10.3643191477962,0.166666666666667,0.975806451612903,0.824291300097752,0.14247311827957
"203",1.27799372613203,0.939393939393939,0.201612903225806,0.824291300097752,0.141006842619746
"204",1.26471834903007,0.954545454545455,0.185483870967742,0.824291300097752,0.140029325513197
"205",1.26031418509959,0.962121212121212,0.17741935483871,0.824291300097752,0.139540566959922
"206",1.25511290952679,0.96969696969697,0.169354838709677,0.824291300097752,0.139051808406647
"207",10.397125506079,0.159090909090909,0.975806451612903,0.824291300097752,0.134897360703812
"208",1.25849041437488,0.962121212121212,0.169354838709677,0.824291300097752,0.13147605083089
"209",1.25271969252817,0.96969696969697,0.161290322580645,0.824291300097752,0.130987292277615
"210",10.5925756771448,0.151515151515152,0.975806451612903,0.824291300097752,0.127321603128055
"211",1.24819121447028,0.96969696969697,0.153225806451613,0.824291300097752,0.122922776148583
"212",10.8555029546262,0.143939393939394,0.975806451612903,0.824291300097752,0.119745845552297
"213",1.2441890166028,0.96969696969697,0.145161290322581,0.824291300097752,0.11485826001955
"214",10.9835849960878,0.136363636363636,0.975806451612903,0.824291300097752,0.11217008797654
"215",1.24202329155572,0.96969696969697,0.137096774193548,0.824291300097752,0.106793743890518
"216",11.2308166661671,0.128787878787879,0.975806451612903,0.824291300097752,0.104594330400782
"217",1.23812193103005,0.96969696969697,0.129032258064516,0.824291300097752,0.0987292277614857
"218",1.23312762973352,0.977272727272727,0.120967741935484,0.824291300097752,0.0982404692082111
"219",11.5001139551192,0.121212121212121,0.975806451612903,0.824291300097752,0.0970185728250246
"220",1.23548478869362,0.96969696969697,0.120967741935484,0.824291300097752,0.0906647116324537
"221",1.22883676651492,0.977272727272727,0.112903225806452,0.824291300097752,0.0901759530791788
"222",11.729878059689,0.113636363636364,0.975806451612903,0.824291300097752,0.0894428152492668
"223",1.19189343246592,1,0.0887096774193548,0.824291300097752,0.0887096774193548
"224",1.22512271127329,0.977272727272727,0.104838709677419,0.824291300097752,0.0821114369501466
"225",11.9192802336021,0.106060606060606,0.975806451612903,0.824291300097752,0.0818670576735092
"226",1.19606097173294,0.992424242424242,0.0887096774193548,0.824291300097752,0.0811339198435972
"227",1.17979465541491,1,0.0806451612903226,0.824291300097752,0.0806451612903225
"228",11.982579787234,0.0984848484848485,0.975806451612903,0.824291300097752,0.0742913000977516
"229",1.21993072758969,0.977272727272727,0.0967741935483871,0.824291300097752,0.0740469208211143
"230",1.2000783672925,0.984848484848485,0.0887096774193548,0.824291300097752,0.0735581622678396
"231",1.1709681569922,1,0.0725806451612903,0.824291300097752,0.0725806451612903
"232",12.0403852708899,0.0909090909090909,0.975806451612903,0.824291300097752,0.0667155425219941
"233",1.20984733596199,0.977272727272727,0.0887096774193548,0.824291300097752,0.0659824046920821
"234",1.16786580926959,1,0.0645161290322581,0.824291300097752,0.064516129032258
"235",12.0858979129778,0.0833333333333333,0.975806451612903,0.824291300097752,0.0591397849462365
"236",1.16357466063348,1,0.0564516129032258,0.824291300097752,0.0564516129032258
"237",12.2032656702601,0.0757575757575758,0.975806451612903,0.824291300097752,0.0515640273704789
"238",1.15466571243882,1,0.0483870967741935,0.824291300097752,0.0483870967741935
"239",12.5953725163005,0.0681818181818182,0.975806451612903,0.824291300097752,0.0439882697947214
"240",1.14414264093477,1,0.0403225806451613,0.824291300097752,0.0403225806451613
"241",12.9132756226677,0.0606060606060606,0.975806451612903,0.824291300097752,0.0364125122189638
"242",1.14058828907072,1,0.032258064516129,0.824291300097752,0.032258064516129
"243",13.3858769802168,0.053030303030303,0.975806451612903,0.824291300097752,0.0288367546432062
"244",1.13446741822961,1,0.0241935483870968,0.824291300097752,0.0241935483870968
"245",14.7981806054768,0.0378787878787879,0.983870967741935,0.824291300097752,0.0217497556207233
"246",14.0074184279528,0.0454545454545455,0.975806451612903,0.824291300097752,0.0212609970674487
"247",1.12233988359112,1,0.0161290322580645,0.824291300097752,0.0161290322580645
"248",14.9501113565849,0.0303030303030303,0.983870967741935,0.824291300097752,0.0141739980449658
"249",14.4755227950414,0.0378787878787879,0.975806451612903,0.824291300097752,0.0136852394916911
"250",1.09819224455333,1,0.00806451612903226,0.824291300097752,0.00806451612903225
"251",17.0469010925665,0.00757575757575758,1,0.824291300097752,0.00757575757575757
"252",15.1173995340992,0.0227272727272727,0.983870967741935,0.824291300097752,0.00659824046920821
"253",-Inf,1,0,0.824291300097752,0
"254",Inf,0,1,0.824291300097752,0
"255",16.6695048104251,0.00757575757575758,0.991935483870968,0.824291300097752,-0.000488758553274682
"256",15.7897919736213,0.0151515151515152,0.983870967741935,0.824291300097752,-0.000977517106549364
"257",16.536492911725,0.00757575757575758,0.983870967741935,0.824291300097752,-0.00855327468230693
