"species","elisa","animal","tissue","Nano-QuIC_-2","Nano-QuIC_-3","Nano-QuIC_-4","Nano-QuIC_-5","Nano-QuIC_-6","Nano-QuIC_-7","Nano-QuIC_-8","Nano-QuIC_-9","Nano-QuIC_-10","Nano-QuIC_-11","Nano-QuIC_-1.3","Nano-QuIC_-1.6","Nano-QuIC_-1.78","Nano-QuIC_-1.7","RT-QuIC_-2","RT-QuIC_-3","RT-QuIC_-4","RT-QuIC_-5","RT-QuIC_-6","RT-QuIC_-7","RT-QuIC_-8","RT-QuIC_-9","RT-QuIC_-10","RT-QuIC_-11","RT-QuIC_-1.3","RT-QuIC_-1.6","RT-QuIC_-1.78","RT-QuIC_-1.7"
"Moose",FALSE,"M277","Brainstem",0,25,0,0,0,NA,NA,NA,NA,NA,NA,NA,NA,NA,0,0,0,0,0,NA,NA,NA,NA,NA,NA,NA,NA,NA
"Moose",FALSE,"M277","Lymph Node",0,0,0,0,0,NA,NA,NA,NA,NA,NA,NA,NA,NA,50,0,0,0,0,NA,NA,NA,NA,NA,NA,NA,NA,NA
"Moose",FALSE,"M281","Brainstem",0,50,0,0,0,NA,NA,NA,NA,NA,NA,NA,NA,NA,0,0,0,0,0,NA,NA,NA,NA,NA,NA,NA,NA,NA
"Moose",FALSE,"M281","Lymph Node",25,0,25,0,0,NA,NA,NA,NA,NA,NA,NA,NA,NA,0,0,0,0,0,NA,NA,NA,NA,NA,NA,NA,NA,NA
"Moose",FALSE,"M285","Brainstem",0,75,0,0,0,NA,NA,NA,NA,NA,NA,NA,NA,NA,0,0,25,0,0,NA,NA,NA,NA,NA,NA,NA,NA,NA
"Moose",FALSE,"M285","Lymph Node",100,0,0,0,0,NA,NA,NA,NA,NA,NA,NA,NA,NA,0,0,0,0,0,NA,NA,NA,NA,NA,NA,NA,NA,NA
"Moose",FALSE,"M287","Brainstem",0,0,0,0,25,NA,NA,NA,NA,NA,NA,NA,NA,NA,0,0,0,0,0,NA,NA,NA,NA,NA,NA,NA,NA,NA
"Moose",FALSE,"M287","Lymph Node",0,0,0,0,0,NA,NA,NA,NA,NA,NA,NA,NA,NA,0,0,0,0,0,NA,NA,NA,NA,NA,NA,NA,NA,NA
"Moose",FALSE,"M539","Brainstem",0,0,0,0,0,NA,NA,NA,NA,NA,NA,NA,NA,NA,0,0,0,0,0,NA,NA,NA,NA,NA,NA,NA,NA,NA
"Moose",FALSE,"M539","Lymph Node",25,0,0,0,0,0,0,0,0,0,NA,NA,NA,NA,0,0,0,0,0,0,0,0,0,0,NA,NA,NA,NA
"Moose",FALSE,"M539","Skin",0,0,0,0,0,NA,NA,NA,NA,NA,0,0,0,NA,0,0,0,0,0,NA,NA,NA,NA,NA,0,0,75,NA
"Moose",FALSE,"M540","Brainstem",0,0,0,0,0,NA,NA,NA,NA,NA,NA,NA,NA,NA,0,0,0,0,0,NA,NA,NA,NA,NA,NA,NA,NA,NA
"Moose",FALSE,"M540","Lymph Node",25,0,0,0,NA,NA,NA,NA,NA,NA,NA,NA,NA,0,0,0,0,0,NA,NA,NA,NA,NA,NA,NA,NA,NA,0
"Moose",TRUE,"M1","Brainstem",100,100,100,100,75,0,0,0,0,0,NA,NA,NA,NA,0,100,100,100,100,50,0,0,0,0,NA,NA,NA,NA
"Moose",TRUE,"M1","Lymph Node",75,25,0,0,0,0,0,0,0,0,NA,NA,NA,NA,100,25,0,0,0,0,0,0,0,0,NA,NA,NA,NA
"Moose",TRUE,"M10","Brainstem",75,25,0,0,0,0,0,0,0,0,NA,NA,NA,NA,0,25,0,0,0,0,0,0,0,0,NA,NA,NA,NA
"Moose",TRUE,"M10","Lymph Node",25,25,0,0,0,NA,NA,NA,NA,NA,NA,NA,NA,NA,0,0,0,0,25,NA,NA,NA,NA,NA,NA,NA,NA,NA
"Moose",TRUE,"M10","Skin",6.25,0,0,6.25,0,NA,NA,NA,NA,NA,18.75,25,6.25,NA,0,0,0,6.25,0,NA,NA,NA,NA,NA,6.25,18.75,25,NA
"Moose",TRUE,"M12","Brainstem",25,100,100,100,100,25,0,0,0,0,NA,NA,NA,NA,0,100,100,100,100,25,25,0,0,0,NA,NA,NA,NA
"Moose",TRUE,"M12","Lymph Node",50,0,0,0,0,NA,NA,NA,NA,NA,NA,NA,NA,NA,75,0,0,0,0,NA,NA,NA,NA,NA,NA,NA,NA,NA
"Moose",TRUE,"M12","Skin",100,75,0,0,0,NA,NA,NA,NA,NA,75,50,75,NA,100,0,0,0,0,NA,NA,NA,NA,NA,50,100,100,NA
"Moose",TRUE,"M3","Brainstem",100,100,100,100,75,25,25,0,0,0,NA,NA,NA,NA,0,100,100,100,100,100,75,75,50,25,NA,NA,NA,NA
"Moose",TRUE,"M3","Lymph Node",0,0,0,0,NA,NA,NA,NA,NA,NA,NA,NA,NA,25,0,0,0,25,NA,NA,NA,NA,NA,NA,NA,NA,NA,50
"Moose",TRUE,"M5","Brainstem",0,100,100,25,0,0,0,0,0,50,NA,NA,NA,NA,0,100,100,0,0,0,0,0,0,0,NA,NA,NA,NA
"Moose",TRUE,"M5","Lymph Node",0,0,0,0,0,NA,NA,NA,NA,NA,NA,NA,NA,NA,0,0,25,0,0,NA,NA,NA,NA,NA,NA,NA,NA,NA
"Moose",TRUE,"M6","Brainstem",100,100,100,100,100,0,25,0,0,0,NA,NA,NA,NA,0,100,75,75,25,50,25,0,0,0,NA,NA,NA,NA
"Moose",TRUE,"M6","Lymph Node",25,0,0,0,0,NA,NA,NA,NA,NA,NA,NA,NA,NA,0,0,0,0,0,NA,NA,NA,NA,NA,NA,NA,NA,NA
"Moose",TRUE,"M6","Skin",25,6.25,0,6.25,0,NA,NA,NA,NA,NA,90,55,15,NA,50,18.75,0,0,0,NA,NA,NA,NA,NA,45,65,80,NA
"Moose",TRUE,"M7","Brainstem",100,100,100,100,50,25,0,0,0,0,NA,NA,NA,NA,100,100,100,100,100,25,0,0,0,0,NA,NA,NA,NA
"Moose",TRUE,"M7","Lymph Node",100,100,100,25,0,0,0,0,0,NA,NA,NA,NA,NA,100,100,100,0,0,0,0,0,0,NA,NA,NA,NA,NA
"Moose",TRUE,"M7","Skin",87.5,68.75,12.5,6.25,0,NA,NA,NA,NA,NA,100,100,100,NA,93.75,68.75,43.75,0,0,NA,NA,NA,NA,NA,100,100,100,NA
"Moose",TRUE,"M8","Brainstem",100,100,100,100,100,100,100,25,75,100,NA,NA,NA,NA,0,100,100,100,100,100,75,75,25,25,NA,NA,NA,NA
"Moose",TRUE,"M8","Lymph Node",100,25,25,0,0,NA,NA,NA,NA,NA,NA,NA,NA,NA,0,0,0,0,0,NA,NA,NA,NA,NA,NA,NA,NA,NA
"Moose",TRUE,"M9","Brainstem",100,100,100,75,0,0,0,0,0,0,NA,NA,NA,NA,0,100,100,25,0,0,0,0,0,0,NA,NA,NA,NA
"Moose",TRUE,"M9","Lymph Node",50,0,0,0,0,NA,NA,NA,NA,NA,NA,NA,NA,NA,100,25,0,0,0,NA,NA,NA,NA,NA,NA,NA,NA,NA
"Moose",TRUE,"M9","Skin",100,40,15,5,0,0,0,0,0,0,100,100,100,NA,100,65,35,0,0,0,0,0,0,0,20,100,100,NA
"Red Deer",FALSE,"RD231","Brainstem",0,50,0,0,0,NA,NA,NA,NA,NA,NA,NA,NA,NA,0,0,0,0,0,NA,NA,NA,NA,NA,NA,NA,NA,NA
"Red Deer",FALSE,"RD231","Lymph Node",25,0,0,NA,NA,NA,NA,NA,NA,NA,NA,NA,NA,NA,0,0,0,NA,NA,NA,NA,NA,NA,NA,NA,NA,NA,NA
"Red Deer",FALSE,"RD242","Brainstem",0,0,0,0,0,NA,NA,NA,NA,NA,NA,NA,NA,NA,0,50,0,0,0,NA,NA,NA,NA,NA,NA,NA,NA,NA
"Red Deer",FALSE,"RD242","Lymph Node",0,0,0,NA,NA,NA,NA,NA,NA,NA,NA,NA,NA,NA,0,0,0,NA,NA,NA,NA,NA,NA,NA,NA,NA,NA,NA
"Red Deer",FALSE,"RD527","Brainstem",25,75,0,25,0,NA,NA,NA,NA,NA,NA,NA,NA,NA,0,50,25,25,0,NA,NA,NA,NA,NA,NA,NA,NA,NA
"Red Deer",FALSE,"RD527","Lymph Node",0,0,25,0,0,NA,NA,NA,NA,NA,NA,NA,NA,NA,0,0,0,0,0,NA,NA,NA,NA,NA,NA,NA,NA,NA
"Red Deer",FALSE,"RD527","Skin",0,0,0,0,NA,NA,NA,NA,NA,NA,8.33333333333333,0,0,NA,0,8.33333333333333,0,0,NA,NA,NA,NA,NA,NA,0,0,0,NA
"Red Deer",FALSE,"RD533","Brainstem",0,50,0,0,0,NA,NA,NA,NA,NA,NA,NA,NA,NA,0,0,0,0,0,NA,NA,NA,NA,NA,NA,NA,NA,NA
"Red Deer",FALSE,"RD533","Lymph Node",0,0,0,0,NA,NA,NA,NA,NA,NA,NA,NA,NA,NA,0,0,0,0,NA,NA,NA,NA,NA,NA,NA,NA,NA,NA
"Red Deer",TRUE,"RD1","Brainstem",100,100,50,0,0,NA,NA,NA,NA,NA,NA,NA,NA,NA,0,100,50,25,0,NA,NA,NA,NA,NA,NA,NA,NA,NA
"Red Deer",TRUE,"RD1","Lymph Node",75,0,0,0,0,NA,NA,NA,NA,NA,NA,NA,NA,NA,0,25,0,0,0,NA,NA,NA,NA,NA,NA,NA,NA,NA
"Red Deer",TRUE,"RD1","Skin",6.25,5,0,0,0,NA,NA,NA,NA,NA,87.5,62.5,6.25,NA,0,0,0,0,0,NA,NA,NA,NA,NA,93.75,50,25,NA
"Red Deer",TRUE,"RD3","Brainstem",100,100,100,100,75,50,0,0,0,0,NA,NA,NA,NA,0,25,100,100,100,50,25,50,0,25,NA,NA,NA,NA
"Red Deer",TRUE,"RD3","Lymph Node",100,75,0,0,0,NA,NA,NA,NA,NA,NA,NA,NA,NA,0,100,75,0,0,NA,NA,NA,NA,NA,NA,NA,NA,NA
"Reindeer",FALSE,"R12752","Brainstem",0,75,25,0,0,0,0,0,0,0,NA,NA,NA,NA,0,0,0,0,0,0,0,0,0,0,NA,NA,NA,NA
"Reindeer",FALSE,"R12752","Lymph Node",75,0,0,0,0,NA,NA,NA,NA,NA,NA,NA,NA,NA,0,0,0,0,0,NA,NA,NA,NA,NA,NA,NA,NA,NA
"Reindeer",FALSE,"R3","Brainstem",0,25,0,0,0,NA,NA,NA,NA,NA,NA,NA,NA,NA,0,25,0,0,0,NA,NA,NA,NA,NA,NA,NA,NA,NA
"Reindeer",FALSE,"R3","Lymph Node",50,0,0,0,0,NA,NA,NA,NA,NA,NA,NA,NA,NA,0,0,0,0,0,NA,NA,NA,NA,NA,NA,NA,NA,NA
"Reindeer",FALSE,"R4100","Brainstem",0,0,0,0,0,0,0,0,0,0,NA,NA,NA,NA,0,0,0,0,0,0,0,0,0,0,NA,NA,NA,NA
"Reindeer",FALSE,"R4100","Lymph Node",0,0,0,0,0,NA,NA,NA,NA,NA,NA,NA,NA,NA,0,0,0,0,0,NA,NA,NA,NA,NA,NA,NA,NA,NA
"Reindeer",FALSE,"R5","Brainstem",0,25,0,0,0,NA,NA,NA,NA,NA,NA,NA,NA,NA,0,0,0,0,0,NA,NA,NA,NA,NA,NA,NA,NA,NA
"Reindeer",FALSE,"R5","Lymph Node",75,0,0,0,0,NA,NA,NA,NA,NA,NA,NA,NA,NA,0,0,0,0,0,NA,NA,NA,NA,NA,NA,NA,NA,NA
"Reindeer",FALSE,"R5381","Brainstem",0,50,0,0,0,NA,NA,NA,NA,NA,NA,NA,NA,NA,0,25,0,0,0,NA,NA,NA,NA,NA,NA,NA,NA,NA
"Reindeer",FALSE,"R5381","Lymph Node",50,12.5,0,0,0,NA,NA,NA,NA,NA,NA,NA,NA,NA,0,0,0,0,0,NA,NA,NA,NA,NA,NA,NA,NA,NA
"Reindeer",TRUE,"R10","Brainstem",100,100,0,0,0,0,0,0,0,0,NA,NA,NA,NA,0,100,25,0,0,0,0,0,0,0,NA,NA,NA,NA
"Reindeer",TRUE,"R10","Lymph Node",100,100,100,75,0,NA,NA,NA,NA,NA,NA,NA,NA,NA,0,100,100,50,0,NA,NA,NA,NA,NA,NA,NA,NA,NA
"Reindeer",TRUE,"R10","Skin",0,0,0,0,0,NA,NA,NA,NA,NA,16.6666666666667,16.6666666666667,8.33333333333333,NA,0,0,0,0,0,NA,NA,NA,NA,NA,0,8.33333333333333,8.33333333333333,NA
"Reindeer",TRUE,"R11","Brainstem",100,100,0,0,0,NA,NA,NA,NA,NA,NA,NA,NA,NA,0,100,0,0,0,NA,NA,NA,NA,NA,NA,NA,NA,NA
"Reindeer",TRUE,"R11","Lymph Node",100,100,25,25,0,NA,NA,NA,NA,NA,NA,NA,NA,NA,0,100,75,0,0,NA,NA,NA,NA,NA,NA,NA,NA,NA
"Reindeer",TRUE,"R11","Skin",10.7142857142857,3.57142857142857,0,0,0,0,0,0,0,0,0,0,0,NA,3.57142857142857,0,0,0,0,0,0,0,0,0,0,33.3333333333333,8.33333333333333,NA
"Reindeer",TRUE,"R16","Brainstem",100,100,100,50,0,NA,NA,NA,NA,NA,NA,NA,NA,NA,0,50,50,50,0,NA,NA,NA,NA,NA,NA,NA,NA,NA
"Reindeer",TRUE,"R16","Lymph Node",100,100,50,25,0,NA,NA,NA,NA,NA,NA,NA,NA,NA,100,100,50,50,0,NA,NA,NA,NA,NA,NA,NA,NA,NA
"Reindeer",TRUE,"R18","Brainstem",0,100,0,0,0,0,0,NA,25,0,NA,NA,NA,NA,0,0,0,0,0,0,0,0,0,0,NA,NA,NA,NA
"Reindeer",TRUE,"R21","Brainstem",100,100,25,0,0,NA,NA,NA,NA,NA,NA,NA,NA,NA,0,100,75,0,0,NA,NA,NA,NA,NA,NA,NA,NA,NA
"Reindeer",TRUE,"R21","Lymph Node",100,100,75,37.5,0,0,0,0,0,0,NA,NA,NA,NA,62.5,100,87.5,50,0,0,0,0,0,0,NA,NA,NA,NA
"Reindeer",TRUE,"R7","Skin",0,0,0,0,0,NA,NA,NA,NA,NA,8.33333333333333,16.6666666666667,0,NA,0,0,0,0,0,NA,NA,NA,NA,NA,0,0,0,NA
"Reindeer",TRUE,"R9","Brainstem",0,0,0,0,0,0,0,NA,0,0,NA,NA,NA,NA,0,50,0,0,0,0,0,0,0,0,NA,NA,NA,NA
